<?xml version="1.0" encoding="UTF-8"?>
<project-private xmlns="http://www.netbeans.org/ns/project-private/1">
    <editor-bookmarks xmlns="http://www.netbeans.org/ns/editor-bookmarks/2" lastBookmarkId="0"/>
    <open-files xmlns="http://www.netbeans.org/ns/projectui-open-files/2">
        <group>
            <file>file:/C:/Users/Wasiq%20Ali%20Abbasi/Documents/NetBeansProjects/FileSystemServer/src/filesystemserver/Connection.java</file>
            <file>file:/C:/Users/Wasiq%20Ali%20Abbasi/Documents/NetBeansProjects/FileSystemServer/src/filesystemserver/FileSystemServer.java</file>
            <file>file:/C:/Users/Wasiq%20Ali%20Abbasi/Documents/NetBeansProjects/FileSystemServer/src/filesystemserver/FileHandler.java</file>
        </group>
    </open-files>
</project-private>
